systematic_id	systematic_id_missing	current_synonym	synonym_already_present	chromosome	coordinates	current_coordinates	synonym_coordinates	allele_variant	h90
SPNCRNA.01	True		False	1	3003816..3004916			I:g.3003816_3004916del	False
SPNCRNA.1341	True	SPNCRNA.103	True	2	complement(339484..340003)		complement(339346..340012)	II:g.339484_340003del	True
SPNCRNA.1372	True	SPNCRNA.316	False	2	complement(591798..592612)			II:g.591798_592612del	False
SPNCRNA.144	True	SPNCRNA.627	False	1	238509..238898		237903..238881	I:g.238509_238898del	False
SPNCRNA.145	True	SPNCRNA.628	True	1	239730..240571		238998..240617	I:g.239730_240571del	False
SPNCRNA.236	True	SPNCRNA.941	False	1	3846893..3847670		3846748..3847768	I:g.3846893_3847670del	False
SPNCRNA.248	True	SPNCRNA.996	True	1	4531070..4531631		4531144..4532754	I:g.4531070_4531631del	False
SPNCRNA.254	True	SPNCRNA.1032	False	1	4869147..4870212		4869466..4870169	I:g.4869147_4870212del	False
SPNCRNA.289	True	SPNCRNA.1303	False	2	63695..64021		63602..64286	II:g.63695_64021del	False
SPNCRNA.410	True	SPNCRNA.1559	True	2	2886001..2886371		2885636..2886536	II:g.2886001_2886371del	False
SPNCRNA.426	True	SPNCRNA.1624	True	2	3620593..3622000		3620578..3622414	II:g.3620593_3622000del	False
SPNCRNA.46	True	SPAC144.19	False	1	complement(4651351..4651792)			I:g.4651351_4651792del	True
SPNCRNA.507	True	SPNCRNA.808	True	1	complement(2265688..2265845)		complement(2265549..2265838)	I:g.2265688_2265845del	False
SPNCRNA.515	True	SPNCRNA.1651	False	2	3962690..3962794		3962699..3963115	II:g.3962690_3962794del	True
SPNCRNA.538	True	SPNCRNA.1501	False	2	2301759..2303132		2300661..2303704	II:g.2301759_2303132del	True
SPNCRNA.539	True	SPNCRNA.1533	False	2	complement(2601130..2601336)		complement(2600790..2602096)	II:g.2601130_2601336del	True
SPNCRNA.59	True	SPNCRNA.817	False	1	2362411..2362747			I:g.2362411_2362747del	False
SPNCRNA.87	True		False	1	complement(3177948..3178309)			I:g.3177948_3178309del	False
